PC1,PC2,PC3,PC4,PC5,PC6,PC7,sex___1,sex___2,yhat
1.035768754272586,-0.767905864534464,0.874265273477309,0.2947652964447893,-0.4635003207996797,0.4252968866406299,0.2220573325004143,0.0,1.0,190.62622045761526
1.058362464209576,1.3698983021182292,-1.5609358805498483,0.350315813932995,0.7949352567104785,-1.275209366243064,0.1699494895450537,0.0,1.0,101.28395810303527
-0.4239125025245939,-0.6728762457457428,0.4895033893695911,0.9121801755813598,-0.123744194610396,-0.6308901906764018,0.8746739091761493,0.0,1.0,123.66865001124086
0.850003433623996,-0.2648903379601287,-1.1093373798571668,-0.8857404681336163,-0.5150390517227555,0.5959476056083748,-0.5356828539918153,1.0,0.0,213.4241741155077
-1.6621492731038972,3.8787060933631072,0.287365319821978,-1.0730536483033328,1.5913100690165,0.1448453773007392,-0.9289150961733468,1.0,0.0,44.38434821207019
